{"cameraMode":{"drawMode":0,"name":"Shaded","section":"Shading Mode"},"sceneLighting":false,"audioPlay":false,"sceneViewState":{"m_AlwaysRefresh":false,"showFog":true,"showSkybox":false,"showFlares":true,"showImageEffects":true,"showParticleSystems":true,"showVisualEffectGraphs":true,"m_FxEnabled":true},"in2DMode":false,"pivot":{"x":-0.002378910779953003,"y":0.7236000299453735,"z":-0.025432169437408448},"rotation":{"x":-0.38715746998786929,"y":0.15618927776813508,"z":-0.06754014641046524,"w":-0.9064040780067444},"size":1.144395112991333,"orthographic":false}