{"cameraMode":{"drawMode":0,"name":"Shaded","section":"Shading Mode"},"sceneLighting":false,"audioPlay":false,"sceneViewState":{"m_AlwaysRefresh":false,"showFog":true,"showSkybox":false,"showFlares":true,"showImageEffects":true,"showParticleSystems":true,"showVisualEffectGraphs":true,"m_FxEnabled":true},"in2DMode":false,"pivot":{"x":0.7778270244598389,"y":1.6735361814498902,"z":0.3373138904571533},"rotation":{"x":0.000025032695702975616,"y":0.999098539352417,"z":0.03174218535423279,"w":0.03645360842347145},"size":1.6016603708267213,"orthographic":false}