{"cameraMode":{"drawMode":0,"name":"Shaded","section":"Shading Mode"},"sceneLighting":false,"audioPlay":false,"sceneViewState":{"m_AlwaysRefresh":false,"showFog":true,"showSkybox":false,"showFlares":true,"showImageEffects":true,"showParticleSystems":true,"showVisualEffectGraphs":true,"m_FxEnabled":true},"in2DMode":false,"pivot":{"x":-0.002378910779953003,"y":0.7000499963760376,"z":-0.025432169437408448},"rotation":{"x":-0.3175160586833954,"y":0.3246752917766571,"z":-0.11749064177274704,"w":-0.8833909630775452},"size":1.159486174583435,"orthographic":false}