{"cameraMode":{"drawMode":0,"name":"Shaded","section":"Shading Mode"},"sceneLighting":false,"audioPlay":false,"sceneViewState":{"m_AlwaysRefresh":false,"showFog":true,"showSkybox":false,"showFlares":true,"showImageEffects":true,"showParticleSystems":true,"showVisualEffectGraphs":true,"m_FxEnabled":true},"in2DMode":false,"pivot":{"x":0.13769495487213136,"y":1.3286769390106202,"z":0.0661698579788208},"rotation":{"x":-0.011627288535237313,"y":0.9720825552940369,"z":-0.04990853741765022,"w":-0.2297644168138504},"size":1.0677735805511475,"orthographic":false}