{"cameraMode":{"drawMode":0,"name":"Shaded","section":"Shading Mode"},"sceneLighting":false,"audioPlay":false,"sceneViewState":{"m_AlwaysRefresh":false,"showFog":true,"showSkybox":false,"showFlares":true,"showImageEffects":true,"showParticleSystems":true,"showVisualEffectGraphs":true,"m_FxEnabled":true},"in2DMode":false,"pivot":{"x":-0.3420730233192444,"y":1.2277816534042359,"z":-0.4794381260871887},"rotation":{"x":-0.0065083811059594158,"y":0.9700177907943726,"z":-0.24238799512386323,"w":-0.03255358710885048},"size":1.299038052558899,"orthographic":false}