{"cameraMode":{"drawMode":0,"name":"Shaded","section":"Shading Mode"},"sceneLighting":false,"audioPlay":false,"sceneViewState":{"m_AlwaysRefresh":false,"showFog":true,"showSkybox":false,"showFlares":true,"showImageEffects":true,"showParticleSystems":true,"showVisualEffectGraphs":true,"m_FxEnabled":true},"in2DMode":false,"pivot":{"x":0.06548590213060379,"y":0.6562549471855164,"z":0.07724307477474213},"rotation":{"x":0.0028643219266086818,"y":-0.980897843837738,"z":0.19405226409435273,"w":0.014452199451625348},"size":1.299038052558899,"orthographic":false}