{"cameraMode":{"drawMode":0,"name":"Shaded","section":"Shading Mode"},"sceneLighting":false,"audioPlay":false,"sceneViewState":{"m_AlwaysRefresh":false,"showFog":true,"showSkybox":false,"showFlares":true,"showImageEffects":true,"showParticleSystems":true,"showVisualEffectGraphs":true,"m_FxEnabled":true},"in2DMode":false,"pivot":{"x":-1.005888819694519,"y":0.5853842496871948,"z":-0.022155627608299257},"rotation":{"x":0.14533469080924989,"y":0.7004897594451904,"z":-0.14588472247123719,"w":0.6838996410369873},"size":0.12403830885887146,"orthographic":false}