{"cameraMode":{"drawMode":0,"name":"Shaded","section":"Shading Mode"},"sceneLighting":true,"audioPlay":false,"sceneViewState":{"m_AlwaysRefresh":false,"showFog":true,"showSkybox":true,"showFlares":true,"showImageEffects":true,"showParticleSystems":true,"showVisualEffectGraphs":true,"m_FxEnabled":true},"in2DMode":false,"pivot":{"x":-1.732081651687622,"y":7.068543910980225,"z":-7.693123817443848},"rotation":{"x":0.38807210326194765,"y":0.12278870493173599,"z":-0.05218890309333801,"w":0.9119735956192017},"size":0.36346110701560976,"orthographic":false}