{"cameraMode":{"drawMode":0,"name":"Shaded","section":"Shading Mode"},"sceneLighting":false,"audioPlay":false,"sceneViewState":{"m_AlwaysRefresh":false,"showFog":true,"showSkybox":false,"showFlares":true,"showImageEffects":true,"showParticleSystems":true,"showVisualEffectGraphs":true,"m_FxEnabled":true},"in2DMode":false,"pivot":{"x":0.35271966457366946,"y":1.2492190599441529,"z":1.5240262746810914},"rotation":{"x":0.02858661115169525,"y":0.9714087843894959,"z":-0.1725616604089737,"w":0.16079607605934144},"size":0.8660253882408142,"orthographic":false}