{"cameraMode":{"drawMode":0,"name":"Shaded","section":"Shading Mode"},"sceneLighting":false,"audioPlay":false,"sceneViewState":{"m_AlwaysRefresh":false,"showFog":true,"showSkybox":false,"showFlares":true,"showImageEffects":true,"showParticleSystems":true,"showVisualEffectGraphs":true,"m_FxEnabled":true},"in2DMode":false,"pivot":{"x":-0.0000034421682357788088,"y":0.391277015209198,"z":4.0978193283081057e-7},"rotation":{"x":0.006029267329722643,"y":0.9923485517501831,"z":-0.05394717678427696,"w":0.11090786755084992},"size":0.8660253882408142,"orthographic":false}