{"cameraMode":{"drawMode":0,"name":"Shaded","section":"Shading Mode"},"sceneLighting":false,"audioPlay":false,"sceneViewState":{"m_AlwaysRefresh":false,"showFog":true,"showSkybox":false,"showFlares":true,"showImageEffects":true,"showParticleSystems":true,"showVisualEffectGraphs":true,"m_FxEnabled":true},"in2DMode":false,"pivot":{"x":-0.44189560413360598,"y":0.715911865234375,"z":-0.5488176345825195},"rotation":{"x":-0.01396646536886692,"y":0.8473131060600281,"z":-0.5310527682304382,"w":-0.025067726150155069},"size":1.352702021598816,"orthographic":false}