{"cameraMode":{"drawMode":0,"name":"Shaded","section":"Shading Mode"},"sceneLighting":false,"audioPlay":false,"sceneViewState":{"m_AlwaysRefresh":false,"showFog":true,"showSkybox":false,"showFlares":true,"showImageEffects":true,"showParticleSystems":true,"showVisualEffectGraphs":true,"m_FxEnabled":true},"in2DMode":false,"pivot":{"x":0.13272951543331147,"y":-0.10712148994207382,"z":0.1519608348608017},"rotation":{"x":-0.36829468607902529,"y":-0.2083142101764679,"z":0.08410976827144623,"w":-0.9023913741111755},"size":0.4309629797935486,"orthographic":false}