{"cameraMode":{"drawMode":0,"name":"Shaded","section":"Shading Mode"},"sceneLighting":false,"audioPlay":false,"sceneViewState":{"m_AlwaysRefresh":false,"showFog":true,"showSkybox":false,"showFlares":true,"showImageEffects":true,"showParticleSystems":true,"showVisualEffectGraphs":true,"m_FxEnabled":true},"in2DMode":false,"pivot":{"x":-0.1838000863790512,"y":0.692999541759491,"z":-0.1227177157998085},"rotation":{"x":-0.035999663174152377,"y":-0.9634158611297607,"z":0.20414604246616364,"w":-0.16992661356925965},"size":1.299038052558899,"orthographic":false}