{"cameraMode":{"drawMode":0,"name":"Shaded","section":"Shading Mode"},"sceneLighting":false,"audioPlay":false,"sceneViewState":{"m_AlwaysRefresh":false,"showFog":true,"showSkybox":false,"showFlares":true,"showImageEffects":true,"showParticleSystems":true,"showVisualEffectGraphs":true,"m_FxEnabled":true},"in2DMode":false,"pivot":{"x":-0.1287209391593933,"y":0.6551355123519898,"z":-1.5148440599441529},"rotation":{"x":-0.01772882416844368,"y":0.9813103675842285,"z":-0.15611733496189118,"w":-0.11196020245552063},"size":1.6271896362304688,"orthographic":false}