{"cameraMode":{"drawMode":0,"name":"Shaded","section":"Shading Mode"},"sceneLighting":false,"audioPlay":false,"sceneViewState":{"m_AlwaysRefresh":false,"showFog":false,"showSkybox":false,"showFlares":false,"showImageEffects":false,"showParticleSystems":false,"showVisualEffectGraphs":true,"m_FxEnabled":true},"in2DMode":false,"pivot":{"x":0.25759127736091616,"y":1.1362435817718506,"z":-1.846247911453247},"rotation":{"x":0.0006438414566218853,"y":-0.9979827404022217,"z":0.06472120434045792,"w":0.013675096444785595},"size":1.4672214984893799,"orthographic":false}